02/03/23 20:48,dmbaranov19,655056704,÷ÂÎ˚Â ˜ËÒÎ‡
02/03/23 20:48,dmbaranov19,655056704,5 6
02/03/23 20:48,dmbaranov19,655056704,*
02/03/23 20:50,dmbaranov19,655056704,–¶–µ–ª—ã–µ —á–∏—Å–ª–∞
02/03/23 20:50,dmbaranov19,655056704,8 4
02/03/23 20:50,dmbaranov19,655056704,-
02/03/23 20:50,dmbaranov19,655056704,–ö–æ–º–ø–ª–µ–∫—Å–Ω—ã–µ —á–∏—Å–ª–∞
02/03/23 20:50,dmbaranov19,655056704,4-2j 6+1j
02/03/23 20:50,dmbaranov19,655056704,+
02/03/23 20:52,dmbaranov19,655056704,–¶–µ–ª—ã–µ —á–∏—Å–ª–∞
02/03/23 20:52,dmbaranov19,655056704,5 8
02/03/23 20:52,dmbaranov19,655056704,*
02/03/23 20:52,dmbaranov19,655056704,–ö–æ–º–ø–ª–µ–∫—Å–Ω—ã–µ —á–∏—Å–ª–∞
02/03/23 20:52,dmbaranov19,655056704,1+7j 3-8j
02/03/23 20:52,dmbaranov19,655056704,*
